"semiotic","input","output"
"PLAIN","Brillantaisia","<self>"
"PLAIN","is","<self>"
"PLAIN","a","<self>"
"PLAIN","genus","<self>"
"PLAIN","of","<self>"
"PLAIN","plant","<self>"
"PLAIN","in","<self>"
"PLAIN","family","<self>"
"PLAIN","Acanthaceae","<self>"
"PUNCT",".","sil"
"<eos>","<eos>",""
"DATE","2006","two thousand six"
"LETTERS","IUCN","i u c n"
"PLAIN","Red","<self>"
"PLAIN","List","<self>"
"PLAIN","of","<self>"
"PLAIN","Threatened","<self>"
"PLAIN","Species","<self>"
"PUNCT",".","sil"
"<eos>","<eos>",""
"PLAIN","Circa","<self>"
"PLAIN","Survive","<self>"
"PLAIN","draw","<self>"
"PLAIN","influences","<self>"
"PLAIN","from","<self>"
"PLAIN","soft","<self>"
"PLAIN","rock","<self>"
"PUNCT",",","sil"
"PLAIN","post","<self>"
"PLAIN","hardcore","<self>"
"PUNCT",",","sil"
"PLAIN","experimental","<self>"
"PLAIN","rock","<self>"
"PUNCT",",","sil"
"PLAIN","emo","<self>"
"PUNCT",",","sil"
"PLAIN","progressive","<self>"
"PLAIN","rock","<self>"
"PUNCT",",","sil"
"PLAIN","art","<self>"
"PLAIN","rock","<self>"
"PUNCT",",","sil"
"PLAIN","and","<self>"
"PLAIN","pop","<self>"
"PLAIN","musicians","<self>"
"PUNCT",".","sil"
"<eos>","<eos>",""
"PLAIN","Circa","<self>"
"PLAIN","Survive","<self>"
"PLAIN","opened","<self>"
"PLAIN","for","<self>"
"PLAIN","My","<self>"
"PLAIN","Chemical","<self>"
"PLAIN","Romance's","<self>"
"DATE","2007","two thousand seven"
"PLAIN","shows","<self>"
"PLAIN","in","<self>"
"PLAIN","Worcester","<self>"
"PLAIN","and","<self>"
"PLAIN","Australian","<self>"
"PLAIN","and","<self>"
"PLAIN","New","<self>"
"PLAIN","Zealand","<self>"
"PLAIN","shows","<self>"
"PLAIN","as","<self>"
"PLAIN","well","<self>"
"PUNCT",".","sil"
"<eos>","<eos>",""
"PLAIN","It","<self>"
"PLAIN","has","<self>"
"PLAIN","a","<self>"
"PLAIN","greyish","<self>"
"PLAIN","green","<self>"
"PUNCT",",","sil"
"PLAIN","densely","<self>"
"PLAIN","hairy","<self>"
"PLAIN","stem","<self>"
"PLAIN","and","<self>"
"PLAIN","alternate","<self>"
"PUNCT",",","sil"
"PLAIN","palmately","<self>"
"PLAIN","lobed","<self>"
"PLAIN","leaves","<self>"
"PUNCT",".","sil"
"<eos>","<eos>",""
"DATE","2008","two thousand eight"
"PLAIN","Tour","<self>"
"PLAIN","with","<self>"
"PLAIN","Madina","<self>"
"PLAIN","Lake","<self>"
"PUNCT",",","sil"
"PLAIN","Coheed","<self>"
"PLAIN","and","<self>"
"PLAIN","Cambria","<self>"
"PLAIN","and","<self>"
"PLAIN","Fightstar","<self>"
"PUNCT",".","sil"
"<eos>","<eos>",""
"PLAIN","Greek","<self>"
"PLAIN","National","<self>"
"PLAIN","Road","<self>"
"CARDINAL","91","ninety one"
"PUNCT","(","sil"
"PLAIN","Athens","<self>"
"PUNCT","—","sil"
"PLAIN","Sounio","<self>"
"PUNCT",")","sil"
"PLAIN","passes","<self>"
"PLAIN","through","<self>"
"PLAIN","the","<self>"
"PLAIN","town","<self>"
"PUNCT",".","sil"
"<eos>","<eos>",""
"PLAIN","Rocky","<self>"
"PLAIN","Mountain","<self>"
"PLAIN","News","<self>"
"PUNCT",".","sil"
"<eos>","<eos>",""
"PLAIN","Retrieved","<self>"
"DATE","4 March 2014","the fourth of march twenty fourteen"
"PUNCT",".","sil"
"<eos>","<eos>",""
"PLAIN","The","<self>"
"PLAIN","Brilliance","<self>"
"LETTERS","BC","b c"
"CARDINAL","3","three"
"PLAIN","is","<self>"
"PLAIN","a","<self>"
"PLAIN","sport","<self>"
"PLAIN","compact","<self>"
"PLAIN","sized","<self>"
"PLAIN","coupé","<self>"
"PLAIN","produced","<self>"
"PLAIN","by","<self>"
"PLAIN","the","<self>"
"PLAIN","Brilliance","<self>"
"PLAIN","Auto","<self>"
"PLAIN","in","<self>"
"PLAIN","the","<self>"
"PLAIN","People's","<self>"
"PLAIN","Republic","<self>"
"PLAIN","of","<self>"
"PLAIN","China","<self>"
"PUNCT",".","sil"
"<eos>","<eos>",""
"PLAIN","University","<self>"
"PLAIN","of","<self>"
"PLAIN","California","<self>"
"PLAIN","publications","<self>"
"PLAIN","in","<self>"
"PLAIN","linguistics","<self>"
"PUNCT","(","sil"
"PLAIN","vol","volume"
"CARDINAL","35","thirty five"
"PUNCT",")","sil"
"PUNCT",".","sil"
"<eos>","<eos>",""
"PLAIN","Retrieved","<self>"
"DATE","April 10, 2013","april tenth twenty thirteen"
"PUNCT",".","sil"
"<eos>","<eos>",""
"PLAIN","Downloaded","<self>"
"PLAIN","on","<self>"
"DATE","7 August 2007","the seventh of august two thousand seven"
"PUNCT",".","sil"
"<eos>","<eos>",""
"PLAIN","China","<self>"
"PLAIN","Car","<self>"
"PLAIN","Times","<self>"
"PUNCT",".","sil"
"<eos>","<eos>",""
"PUNCT","""","sil"
"DATE","1987","nineteen eighty seven"
"LETTERS","ALCS","a l c s"
"PLAIN","Game","<self>"
"CARDINAL","2","two"
"VERBATIM","-","sil"
"PLAIN","Detroit","<self>"
"PLAIN","Tigers","<self>"
"PLAIN","vs","versus"
"<eos>","<eos>",""
"PLAIN","This","<self>"
"PLAIN","species","<self>"
"PLAIN","is","<self>"
"PLAIN","endemic","<self>"
"PLAIN","to","<self>"
"PLAIN","Palau","<self>"
"PUNCT",".","sil"
"<eos>","<eos>",""
"PLAIN","However","<self>"
"PUNCT",",","sil"
"PLAIN","Kaede's","<self>"
"PLAIN","oiled","<self>"
"PLAIN","hair","<self>"
"PLAIN","accidentally","<self>"
"PLAIN","catches","<self>"
"PLAIN","fire","<self>"
"PUNCT",".","sil"
"<eos>","<eos>",""
"PLAIN","As","<self>"
"PLAIN","it","<self>"
"PLAIN","starts","<self>"
"PLAIN","to","<self>"
"PLAIN","snow","<self>"
"PUNCT",",","sil"
"PLAIN","Takeo","<self>"
"PLAIN","prays","<self>"
"PLAIN","the","<self>"
"PLAIN","spring","<self>"
"PLAIN","would","<self>"
"PLAIN","bring","<self>"
"PLAIN","healing","<self>"
"PLAIN","to","<self>"
"PLAIN","his","<self>"
"PLAIN","land","<self>"
"PUNCT",".","sil"
"<eos>","<eos>",""
"PLAIN","Francois","<self>"
"PUNCT",",","sil"
"LETTERS","C.","c"
"PUNCT",",","sil"
"PLAIN","Yelnik","<self>"
"PUNCT",",","sil"
"LETTERS","J.","j"
"PUNCT",",","sil"
"PLAIN","Percheron","<self>"
"PUNCT",",","sil"
"LETTERS","G.","g"
"PUNCT","(","sil"
"DATE","1996","nineteen ninety six"
"PUNCT",")","sil"
"PLAIN","A","<self>"
"PLAIN","stereotactic","<self>"
"PLAIN","atlas","<self>"
"PLAIN","of","<self>"
"PLAIN","the","<self>"
"PLAIN","basal","<self>"
"PLAIN","ganglia","<self>"
"PLAIN","in","<self>"
"PLAIN","Macaques","<self>"
"PUNCT",".","sil"
"<eos>","<eos>",""
"PUNCT","""","sil"
"LETTERS","U.S.","u s"
"PLAIN","Decennial","<self>"
"PLAIN","Census","<self>"
"PUNCT","""","sil"
"PUNCT",".","sil"
"<eos>","<eos>",""
"PLAIN","They","<self>"
"PLAIN","are","<self>"
"PLAIN","responsible","<self>"
"PLAIN","for","<self>"
"PLAIN","student","<self>"
"PLAIN","union","<self>"
"PLAIN","activity","<self>"
"PLAIN","on","<self>"
"PLAIN","each","<self>"
"PLAIN","campus","<self>"
"PUNCT",".","sil"
"<eos>","<eos>",""
"PLAIN","It","<self>"
"PLAIN","was","<self>"
"PLAIN","named","<self>"
"PLAIN","after","<self>"
"PLAIN","the","<self>"
"PLAIN","glass","<self>"
"PLAIN","factory","<self>"
"PLAIN","that","<self>"
"PLAIN","once","<self>"
"PLAIN","was","<self>"
"PLAIN","located","<self>"
"PLAIN","in","<self>"
"PLAIN","the","<self>"
"PLAIN","town","<self>"
"PUNCT",".","sil"
"<eos>","<eos>",""
"PLAIN","Retrieved","<self>"
"DATE","22 September 2015","the twenty second of september twenty fifteen"
"PUNCT",".","sil"
"<eos>","<eos>",""
"PUNCT","""","sil"
"PLAIN","Lalah","<self>"
"PLAIN","Hathaway","<self>"
"PLAIN","Stretches","<self>"
"PLAIN","Her","<self>"
"PLAIN","Musical","<self>"
"PLAIN","Canvas","<self>"
"PLAIN","With","<self>"
"PLAIN","Her","<self>"
"PLAIN","Stax","<self>"
"PLAIN","Records","<self>"
"PLAIN","Debut","<self>"
"PUNCT","""","sil"
"PLAIN","Self","<self>"
"PLAIN","Portrait","<self>"
"PUNCT","""","sil"
"PUNCT","""","sil"
"PUNCT",".","sil"
"<eos>","<eos>",""
"PLAIN","It","<self>"
"PLAIN","debuted","<self>"
"PLAIN","at","<self>"
"VERBATIM","#","number"
"CARDINAL","3","three"
"PLAIN","on","<self>"
"PLAIN","the","<self>"
"PLAIN","Gaon","<self>"
"PLAIN","Singles","<self>"
"PLAIN","Chart","<self>"
"PUNCT",".","sil"
"<eos>","<eos>",""
"PLAIN","Tropical","<self>"
"PLAIN","Depression","<self>"
"PLAIN","Two","<self>"
"PLAIN","was","<self>"
"PLAIN","upgraded","<self>"
"PLAIN","into","<self>"
"PLAIN","a","<self>"
"PLAIN","tropical","<self>"
"PLAIN","storm","<self>"
"PLAIN","in","<self>"
"PLAIN","post","<self>"
"PLAIN","season","<self>"
"PLAIN","analysis","<self>"
"PUNCT",",","sil"
"PLAIN","and","<self>"
"PLAIN","as","<self>"
"PLAIN","a","<self>"
"PLAIN","result","<self>"
"PLAIN","has","<self>"
"PLAIN","no","<self>"
"PLAIN","name","<self>"
"PUNCT",".","sil"
"<eos>","<eos>",""
"PUNCT","""","sil"
"PLAIN","Loma","<self>"
"PLAIN","Prieta","<self>"
"PLAIN","Announce","<self>"
"PUNCT","'","sil"
"PLAIN","Self","<self>"
"PLAIN","Portrait","<self>"
"PUNCT","'","sil"
"LETTERS","LP","l p"
"PLAIN","for","<self>"
"PLAIN","Deathwish","<self>"
"PLAIN","inc","<self>"
"PUNCT","""","sil"
"PUNCT",".","sil"
"<eos>","<eos>",""
"PLAIN","When","<self>"
"PLAIN","air","<self>"
"PLAIN","and","<self>"
"PLAIN","fluid","<self>"
"PLAIN","mix","<self>"
"PLAIN","together","<self>"
"PLAIN","in","<self>"
"PLAIN","the","<self>"
"PLAIN","pericardial","<self>"
"PLAIN","sac","<self>"
"PUNCT",",","sil"
"PLAIN","a","<self>"
"PLAIN","tinkling","<self>"
"PLAIN","sound","<self>"
"PLAIN","superimposed","<self>"
"PLAIN","over","<self>"
"PLAIN","a","<self>"
"PLAIN","succussion","<self>"
"PLAIN","splash","<self>"
"PLAIN","is","<self>"
"PLAIN","heard","<self>"
"PUNCT",".","sil"
"<eos>","<eos>",""
"PLAIN","The","<self>"
"PLAIN","single","<self>"
"PLAIN","descriptive","<self>"
"PLAIN","words","<self>"
"PLAIN","are","<self>"
"PLAIN","as","<self>"
"PLAIN","follows","<self>"
"PUNCT",":","sil"
"PLAIN","Excellent","<self>"
"PUNCT",",","sil"
"PLAIN","Very","<self>"
"PLAIN","Good","<self>"
"PUNCT",",","sil"
"PLAIN","Good","<self>"
"PUNCT",",","sil"
"PLAIN","Fair","<self>"
"PUNCT",",","sil"
"PLAIN","and","<self>"
"PLAIN","Poor","<self>"
"PUNCT",".","sil"
"<eos>","<eos>",""
"PLAIN","Retrieved","<self>"
"PLAIN","on","<self>"
"DATE","November 4, 2014","november fourth twenty fourteen"
"PUNCT",".","sil"
"<eos>","<eos>",""
"PLAIN","She","<self>"
"PLAIN","received","<self>"
"PLAIN","her","<self>"
"PLAIN","law","<self>"
"PLAIN","degree","<self>"
"PLAIN","from","<self>"
"PLAIN","the","<self>"
"PLAIN","University","<self>"
"PLAIN","of","<self>"
"PLAIN","Southern","<self>"
"PLAIN","California","<self>"
"PLAIN","in","<self>"
"DATE","1916","nineteen sixteen"
"PLAIN","and","<self>"
"PLAIN","an","<self>"
"PLAIN","LL","<self>"
"PUNCT",".","sil"
"PLAIN","M","<self>"
"PUNCT",".","sil"
"PLAIN","a","<self>"
"PLAIN","year","<self>"
"PLAIN","later","<self>"
"PUNCT",".","sil"
"<eos>","<eos>",""
"PLAIN","Herry","<self>"
"PLAIN","was","<self>"
"PLAIN","born","<self>"
"PLAIN","in","<self>"
"PLAIN","Banda","<self>"
"LETTERS","Aceh","a c e h"
"PUNCT",",","sil"
"LETTERS","Aceh","a c e h"
"PLAIN","from","<self>"
"PLAIN","a","<self>"
"PLAIN","Sundanese","<self>"
"PLAIN","descendant","<self>"
"PUNCT",".","sil"
"<eos>","<eos>",""
"PLAIN","He","<self>"
"PLAIN","urged","<self>"
"PLAIN","all","<self>"
"PLAIN","political","<self>"
"PLAIN","parties","<self>"
"PLAIN","to","<self>"
"PLAIN","protest","<self>"
"PLAIN","the","<self>"
"PLAIN","Indian","<self>"
"PLAIN","project","<self>"
"PUNCT",".","sil"
"<eos>","<eos>",""
"PLAIN","He","<self>"
"PLAIN","helped","<self>"
"PLAIN","his","<self>"
"PLAIN","club","<self>"
"PLAIN","to","<self>"
"PLAIN","be","<self>"
"PLAIN","champion","<self>"
"PLAIN","of","<self>"
"PLAIN","Galatama","<self>"
"PLAIN","for","<self>"
"CARDINAL","4","four"
"PLAIN","consecutive","<self>"
"PLAIN","years","<self>"
"PUNCT",".","sil"
"<eos>","<eos>",""
"PLAIN","In","<self>"
"PLAIN","the","<self>"
"DATE","1982","nineteen eighty two"
"PLAIN","championship","<self>"
"PUNCT",",","sil"
"PLAIN","Brock","<self>"
"PLAIN","came","<self>"
"PLAIN","up","<self>"
"PLAIN","against","<self>"
"PLAIN","Jones","<self>"
"PLAIN","in","<self>"
"PLAIN","a","<self>"
"PLAIN","well","<self>"
"PLAIN","sorted","<self>"
"PUNCT",",","sil"
"PLAIN","and","<self>"
"PLAIN","slightly","<self>"
"PLAIN","more","<self>"
"PLAIN","powerful","<self>"
"PLAIN","Porsche","<self>"
"CARDINAL","935","nine hundred thirty five"
"PLAIN","turbo","<self>"
"PUNCT",".","sil"
"<eos>","<eos>",""
"PUNCT","""","sil"
"PLAIN","LaBarque","<self>"
"PLAIN","Creek","<self>"
"PLAIN","Conservation","<self>"
"PLAIN","Area","<self>"
"PUNCT","(","sil"
"PLAIN","map","<self>"
"PUNCT",")","sil"
"PUNCT","""","sil"
"PUNCT",".","sil"
"<eos>","<eos>",""
"PLAIN","Retrieved","<self>"
"DATE","7 December 2015","the seventh of december twenty fifteen"
"PUNCT",".","sil"
"<eos>","<eos>",""
"PUNCT","""","sil"
"PLAIN","Manga","<self>"
"PLAIN","Minis","<self>"
"PUNCT",",","sil"
"DATE","11/17/09","november seventeenth o nine"
"PUNCT","""","sil"
"PUNCT",".","sil"
"<eos>","<eos>",""
"PUNCT","""","sil"
"PLAIN","The","<self>"
"PLAIN","Pines","<self>"
"PUNCT","(","sil"
"CARDINAL","1065520","one million sixty five thousand five hundred twenty"
"PUNCT",")","sil"
"PUNCT","""","sil"
"PUNCT",".","sil"
"<eos>","<eos>",""
"PLAIN","Chang","<self>"
"PLAIN","was","<self>"
"PLAIN","born","<self>"
"PLAIN","in","<self>"
"PLAIN","Canton","<self>"
"PUNCT",",","sil"
"PLAIN","part","<self>"
"PLAIN","of","<self>"
"PLAIN","a","<self>"
"PLAIN","wealthy","<self>"
"PLAIN","mercantile","<self>"
"PLAIN","family","<self>"
"PLAIN","with","<self>"
"PLAIN","interests","<self>"
"PLAIN","in","<self>"
"PLAIN","Hong","<self>"
"PLAIN","Kong","<self>"
"PLAIN","and","<self>"
"PLAIN","Shanghai","<self>"
"PUNCT",".","sil"
"<eos>","<eos>",""
"PLAIN","Mahwah","<self>"
"PUNCT",",","sil"
"LETTERS","NJ","n j"
"PUNCT",":","sil"
"PLAIN","Lawrence","<self>"
"PLAIN","Erlbaum","<self>"
"PLAIN","Associates","<self>"
"PUNCT",",","sil"
"PLAIN","publishersPremack","<self>"
"PUNCT",",","sil"
"PLAIN","David","<self>"
"PUNCT",".","sil"
"<eos>","<eos>",""
"DATE","August 16, 2005","august sixteenth two thousand five"
"PUNCT",".","sil"
"<eos>","<eos>",""
"PLAIN","Francisca","<self>"
"PLAIN","Josefa","<self>"
"PLAIN","had","<self>"
"PLAIN","three","<self>"
"PLAIN","siblings","<self>"
"PLAIN","whose","<self>"
"PLAIN","names","<self>"
"PLAIN","were","<self>"
"PLAIN","Catalina","<self>"
"PLAIN","and","<self>"
"PLAIN","Pedro","<self>"
"PLAIN","Antonio","<self>"
"PLAIN","Diego","<self>"
"PUNCT",".","sil"
"<eos>","<eos>",""
"PLAIN","The","<self>"
"PLAIN","naturally","<self>"
"PLAIN","occurring","<self>"
"PLAIN","mineral","<self>"
"PLAIN","anglesite","<self>"
"PUNCT",",","sil"
"PLAIN","PbSO4","lead two sulphate"
"PUNCT",",","sil"
"PLAIN","occurs","<self>"
"PLAIN","as","<self>"
"PLAIN","an","<self>"
"PLAIN","oxidation","<self>"
"PLAIN","product","<self>"
"PLAIN","of","<self>"
"PLAIN","primary","<self>"
"PLAIN","lead","<self>"
"PLAIN","sulfide","<self>"
"PLAIN","ore","<self>"
"PUNCT",",","sil"
"PLAIN","galena","<self>"
"PUNCT",".","sil"
"<eos>","<eos>",""
"PLAIN","Thus","<self>"
"PUNCT",",","sil"
"PLAIN","during","<self>"
"PLAIN","the","<self>"
"PLAIN","years","<self>"
"DATE","1573","fifteen seventy three"
"PLAIN","-","to"
"DATE","1595","fifteen ninety five"
"PLAIN","they","<self>"
"PLAIN","rebuilt","<self>"
"PLAIN","the","<self>"
"PLAIN","old","<self>"
"PLAIN","castle","<self>"
"PUNCT",",","sil"
"PLAIN","just","<self>"
"PLAIN","like","<self>"
"PLAIN","many","<self>"
"PLAIN","other","<self>"
"PLAIN","castles","<self>"
"PLAIN","throughout","<self>"
"PLAIN","the","<self>"
"PLAIN","island","<self>"
"PUNCT",".","sil"
"<eos>","<eos>",""
"PLAIN","Henry","<self>"
"PLAIN","moved","<self>"
"PLAIN","in","<self>"
"PLAIN","with","<self>"
"PLAIN","Young","<self>"
"PLAIN","at","<self>"
"PLAIN","Carrigoona","<self>"
"PLAIN","Cottage","<self>"
"PLAIN","in","<self>"
"DATE","1929","nineteen twenty nine"
"PUNCT",",","sil"
"PLAIN","building","<self>"
"PLAIN","a","<self>"
"PLAIN","studio","<self>"
"PLAIN","there","<self>"
"PUNCT",".","sil"
"<eos>","<eos>",""
"PLAIN","Caribbean","<self>"
"PLAIN","E","<self>"
"PLAIN","Magazine","<self>"
"PUNCT",".","sil"
"<eos>","<eos>",""
"PLAIN","Martha","<self>"
"PLAIN","is","<self>"
"PLAIN","concerned","<self>"
"PUNCT",",","sil"
"PLAIN","as","<self>"
"PLAIN","the","<self>"
"PLAIN","Doctor","<self>"
"PLAIN","did","<self>"
"PLAIN","not","<self>"
"PLAIN","instruct","<self>"
"PLAIN","her","<self>"
"PLAIN","on","<self>"
"PLAIN","what","<self>"
"PLAIN","to","<self>"
"PLAIN","do","<self>"
"PLAIN","should","<self>"
"PLAIN","he","<self>"
"PLAIN","fall","<self>"
"PLAIN","in","<self>"
"PLAIN","love","<self>"
"PUNCT",".","sil"
"<eos>","<eos>",""
"PLAIN","The","<self>"
"PLAIN","line","<self>"
"PLAIN","will","<self>"
"PLAIN","be","<self>"
"PLAIN","underground","<self>"
"PLAIN","from","<self>"
"PLAIN","north","<self>"
"PLAIN","to","<self>"
"PLAIN","south","<self>"
"PUNCT",",","sil"
"PLAIN","serving","<self>"
"PLAIN","a","<self>"
"PLAIN","section","<self>"
"PLAIN","of","<self>"
"PLAIN","the","<self>"
"PLAIN","city","<self>"
"PLAIN","with","<self>"
"PLAIN","high","<self>"
"PLAIN","ridership","<self>"
"PLAIN","potential","<self>"
"PUNCT",".","sil"
"<eos>","<eos>",""
"PLAIN","Young","<self>"
"PLAIN","went","<self>"
"PLAIN","on","<self>"
"PLAIN","to","<self>"
"PLAIN","hold","<self>"
"PLAIN","her","<self>"
"PLAIN","first","<self>"
"PLAIN","solo","<self>"
"PLAIN","exhibition","<self>"
"PLAIN","in","<self>"
"DATE","1933","nineteen thirty three"
"PLAIN","at","<self>"
"PLAIN","the","<self>"
"PLAIN","Country","<self>"
"PLAIN","Shop","<self>"
"PUNCT",",","sil"
"PLAIN","st","saint"
"PLAIN","Stephen's","<self>"
"PLAIN","Green","<self>"
"PUNCT",",","sil"
"PLAIN","Dublin","<self>"
"PUNCT",".","sil"
"<eos>","<eos>",""
"PUNCT","""","sil"
"PLAIN","Coming","<self>"
"PLAIN","to","<self>"
"PLAIN","a","<self>"
"PLAIN","Networked","<self>"
"PLAIN","Device","<self>"
"PLAIN","Near","<self>"
"PLAIN","You","<self>"
"PUNCT",":","sil"
"PLAIN","Cyberwar","<self>"
"PUNCT","!","sil"
"PUNCT","""","sil"
"<eos>","<eos>",""
"PLAIN","Retrieved","<self>"
"DATE","3 February 2016","the third of february twenty sixteen"
"PUNCT",".","sil"
"<eos>","<eos>",""
"PLAIN","Arthur","<self>"
"PLAIN","Greville","<self>"
"PLAIN","Collins","<self>"
"PUNCT","(","sil"
"PLAIN","born","<self>"
"DATE","September 5, 1895","september fifth eighteen ninety five"
"PUNCT",",","sil"
"PLAIN","date","<self>"
"PLAIN","of","<self>"
"PLAIN","death","<self>"
"PLAIN","unknown","<self>"
"PUNCT",")","sil"
"PUNCT",",","sil"
"PLAIN","was","<self>"
"PLAIN","a","<self>"
"PLAIN","British","<self>"
"PLAIN","born","<self>"
"PLAIN","film","<self>"
"PLAIN","director","<self>"
"PUNCT",".","sil"
"<eos>","<eos>",""
"PLAIN","It","<self>"
"PLAIN","is","<self>"
"PLAIN","strongly","<self>"
"PLAIN","implied","<self>"
"PLAIN","that","<self>"
"PLAIN","she","<self>"
"PLAIN","will","<self>"
"PLAIN","become","<self>"
"PLAIN","the","<self>"
"PLAIN","next","<self>"
"PLAIN","Gammer","<self>"
"PUNCT",",","sil"
"PLAIN","seeing","<self>"
"PLAIN","as","<self>"
"PLAIN","she","<self>"
"PLAIN","has","<self>"
"PLAIN","a","<self>"
"PLAIN","lot","<self>"
"PLAIN","of","<self>"
"PLAIN","dwimmer","<self>"
"PUNCT",".","sil"
"<eos>","<eos>",""
"PLAIN","The","<self>"
"PLAIN","song","<self>"
"PLAIN","reached","<self>"
"PLAIN","number","<self>"
"CARDINAL","9","nine"
"PLAIN","on","<self>"
"PLAIN","the","<self>"
"PLAIN","Billboard","<self>"
"PLAIN","Hot","<self>"
"PLAIN","Country","<self>"
"PLAIN","Singles","<self>"
"VERBATIM","&","and"
"PLAIN","Tracks","<self>"
"PLAIN","chart","<self>"
"PUNCT",".","sil"
"<eos>","<eos>",""
"PUNCT","""","sil"
"PLAIN","How","<self>"
"PLAIN","plants","<self>"
"PLAIN","tell","<self>"
"PLAIN","the","<self>"
"PLAIN","time","<self>"
"PUNCT","""","sil"
"PUNCT",".","sil"
"<eos>","<eos>",""
"PLAIN","It","<self>"
"PLAIN","is","<self>"
"PLAIN","led","<self>"
"PLAIN","by","<self>"
"PLAIN","the","<self>"
"PLAIN","incumbent","<self>"
"PLAIN","mayor","<self>"
"PLAIN","of","<self>"
"LETTERS","Lviv","l v i v"
"PUNCT",",","sil"
"PLAIN","Andriy","<self>"
"PLAIN","Sadovyi","<self>"
"PUNCT",".","sil"
"<eos>","<eos>",""
"PLAIN","It","<self>"
"PLAIN","was","<self>"
"PLAIN","founded","<self>"
"PLAIN","on","<self>"
"DATE","December 29, 2012","december twenty ninth twenty twelve"
"PUNCT",",","sil"
"PLAIN","and","<self>"
"PLAIN","identifies","<self>"
"PLAIN","with","<self>"
"PLAIN","the","<self>"
"PLAIN","ideology","<self>"
"PLAIN","of","<self>"
"PUNCT","""","sil"
"PLAIN","Christian","<self>"
"PLAIN","morality","<self>"
"PLAIN","and","<self>"
"PLAIN","common","<self>"
"PLAIN","sense","<self>"
"PUNCT",".","sil"
"PUNCT","""","sil"
"<eos>","<eos>",""
"PLAIN","The","<self>"
"PLAIN","Standard","<self>"
"PLAIN","Catalog","<self>"
"PLAIN","of","<self>"
"PLAIN","American","<self>"
"PLAIN","Cars","<self>"
"DATE","1946","nineteen forty six"
"PLAIN","-","to"
"DATE","1975","nineteen seventy five"
"PUNCT",".","sil"
"<eos>","<eos>",""
"PLAIN","The","<self>"
"PLAIN","bridge","<self>"
"PLAIN","carries","<self>"
"PLAIN","interstate","<self>"
"CARDINAL","3","three"
"CARDINAL","10 ","ten"
"PLAIN","over","<self>"
"PLAIN","the","<self>"
"PLAIN","LaBranche","<self>"
"PLAIN","Wetlands","<self>"
"PLAIN","in","<self>"
"PLAIN","st","saint"
"PLAIN","Charles","<self>"
"PLAIN","Parish","<self>"
"PUNCT",".","sil"
"<eos>","<eos>",""
"PLAIN","Examples","<self>"
"PLAIN","of","<self>"
"PLAIN","well","<self>"
"PLAIN","excavated","<self>"
"PLAIN","tombs","<self>"
"PLAIN","of","<self>"
"PLAIN","this","<self>"
"PLAIN","site","<self>"
"PLAIN","include","<self>"
"PLAIN","the","<self>"
"PLAIN","tombs","<self>"
"PLAIN","of","<self>"
"LETTERS","Ukh","u k h"
"PLAIN","Hotep","<self>"
"PLAIN","and","<self>"
"PLAIN","Pepyankh","<self>"
"PLAIN","the","<self>"
"PLAIN","Middle","<self>"
"PUNCT",".","sil"
"<eos>","<eos>",""
"PLAIN","Of","<self>"
"PLAIN","the","<self>"
"PLAIN","single","<self>"
"PLAIN","family","<self>"
"PLAIN","homes","<self>"
"CARDINAL","3","three"
"PLAIN","were","<self>"
"PLAIN","built","<self>"
"PLAIN","before","<self>"
"DATE","1919","nineteen nineteen"
"PUNCT",",","sil"
"PLAIN","while","<self>"
"CARDINAL","19","nineteen"
"PLAIN","were","<self>"
"PLAIN","built","<self>"
"PLAIN","between","<self>"
"DATE","1990","nineteen ninety"
"PLAIN","and","<self>"
"DATE","2000","two thousand"
"PUNCT",".","sil"
"<eos>","<eos>",""
"PLAIN","The","<self>"
"PLAIN","name","<self>"
"PLAIN","of","<self>"
"PLAIN","the","<self>"
"PLAIN","party","<self>"
"PLAIN","is","<self>"
"PLAIN","similar","<self>"
"PLAIN","to","<self>"
"PLAIN","the","<self>"
"PLAIN","name","<self>"
"PLAIN","of","<self>"
"PLAIN","the","<self>"
"LETTERS","NGO","n g o"
"PUNCT",",","sil"
"PLAIN","founded","<self>"
"PLAIN","by","<self>"
"PLAIN","Sadovyi","<self>"
"PLAIN","in","<self>"
"DATE","2004","two thousand four"
"PUNCT",".","sil"
"<eos>","<eos>",""
"PLAIN","Due","<self>"
"PLAIN","to","<self>"
"PLAIN","the","<self>"
"PLAIN","global","<self>"
"PLAIN","financial","<self>"
"PLAIN","crisis","<self>"
"PUNCT",",","sil"
"PLAIN","imports","<self>"
"PLAIN","ceased","<self>"
"PLAIN","in","<self>"
"DATE","2008","two thousand eight"
"PUNCT",".","sil"
"<eos>","<eos>",""
"PLAIN","Retrieved","<self>"
"DATE","25 July 2012","the twenty fifth of july twenty twelve"
"PUNCT",".","sil"
"<eos>","<eos>",""
"PLAIN","One","<self>"
"PLAIN","such","<self>"
"PLAIN","community","<self>"
"PLAIN","farm","<self>"
"PLAIN","is","<self>"
"PLAIN","the","<self>"
"PLAIN","Collingwood","<self>"
"PLAIN","Children's","<self>"
"PLAIN","Farm","<self>"
"PLAIN","in","<self>"
"PLAIN","Melbourne","<self>"
"PUNCT",",","sil"
"PLAIN","Australia","<self>"
"PUNCT",".","sil"
"<eos>","<eos>",""
"PLAIN","Retrieved","<self>"
"DATE","19 December 2014","the nineteenth of december twenty fourteen"
"PUNCT",".","sil"
"<eos>","<eos>",""
"PLAIN","In","<self>"
"DATE","2010","twenty ten"
"PLAIN","Sadovyi","<self>"
"PLAIN","was","<self>"
"PLAIN","reelected","<self>"
"PLAIN","for","<self>"
"PLAIN","the","<self>"
"PLAIN","office","<self>"
"PLAIN","of","<self>"
"PLAIN","mayor","<self>"
"PUNCT",".","sil"
"<eos>","<eos>",""
"PUNCT","""","sil"
"PLAIN","I'm","<self>"
"PLAIN","saying","<self>"
"PLAIN","in","<self>"
"PLAIN","the","<self>"
"PLAIN","song","<self>"
"PLAIN","that","<self>"
"PLAIN","I'm","<self>"
"PLAIN","giving","<self>"
"PLAIN","my","<self>"
"PLAIN","back","<self>"
"PLAIN","to","<self>"
"PLAIN","them","<self>"
"PUNCT",".","sil"
"<eos>","<eos>",""
"PLAIN","The","<self>"
"PLAIN","boy","<self>"
"PLAIN","wished","<self>"
"PLAIN","to","<self>"
"PLAIN","go","<self>"
"PLAIN","home","<self>"
"PUNCT",".","sil"
"<eos>","<eos>",""
"PLAIN","The","<self>"
"PLAIN","rest","<self>"
"PLAIN","were","<self>"
"PLAIN","sent","<self>"
"PLAIN","to","<self>"
"PLAIN","Auschwitz","<self>"
"PLAIN","in","<self>"
"DATE","October 1942","october nineteen forty two"
"PUNCT",".","sil"
"<eos>","<eos>",""
"PLAIN","Then","<self>"
"PLAIN","he","<self>"
"PLAIN","worked","<self>"
"PLAIN","as","<self>"
"PLAIN","a","<self>"
"PLAIN","huntsman","<self>"
"PLAIN","for","<self>"
"PLAIN","his","<self>"
"PLAIN","own","<self>"
"PLAIN","father","<self>"
"PUNCT",".","sil"
"<eos>","<eos>",""